{
  "DailyStart": {
    "OpenAll": false,
    "OpenVisual": true,
    "UseVSCode": true,
    "ShowSlideshow": true,
    "DailyRitual": true,
    "AutoRevizor": false,
    "Focus": "rhythm",
    "GitBookPush": "",
    "SessionLog": true
  },
  "CreativeFocus": {
    "OpenAll": false,
    "OpenVisual": false,
    "UseVSCode": true,
    "ShowSlideshow": false,
    "DailyRitual": false,
    "AutoRevizor": false,
    "Focus": "creative",
    "GitBookPush": "",
    "SessionLog": true
  },
  "TechOps": {
    "OpenAll": true,
    "OpenVisual": false,
    "UseVSCode": true,
    "ShowSlideshow": false,
    "DailyRitual": false,
    "AutoRevizor": true,
    "Focus": "technical",
    "GitBookPush": "",
    "SessionLog": true
  },
  "CommandCenter": {
    "OpenAll": false,
    "OpenVisual": false,
    "UseVSCode": true,
    "ShowSlideshow": false,
    "DailyRitual": false,
    "AutoRevizor": false,
    "SessionLog": true,
    "Focus": "",
    "GitBookPush": "",
    "EnterCabinet": true,
    "NoExplorer": true,
    "Quiet": false,
    "OpenDashboard": true,
    "WeeklySummary": true
  }
}