CoreID,Name,Purpose,Artifacts,Path,Owner,Status,Priority,Date
W-CORE-01,Майстерня Творця,Базове ядро,README.md;ARTIFACTS.md,D:\CHECHA_CORE\WORKSHOP\CATALOG\CORE\W-CORE-01,CheCha,active,high,2025-09-24
W-CORE-02,Творча Майстерня,Інкубація ідей,README.md;ARTIFACTS.md,D:\CHECHA_CORE\WORKSHOP\CATALOG\CORE\W-CORE-02,CheCha,active,high,2025-09-24
W-CORE-03,Майстерня Карти,Візуальні мапи,README.md;ARTIFACTS.md,D:\CHECHA_CORE\WORKSHOP\CATALOG\CORE\W-CORE-03,CheCha,active,high,2025-09-24
W-CORE-04,Майстерня Символів,Символіка,README.md;ARTIFACTS.md,D:\CHECHA_CORE\WORKSHOP\CATALOG\CORE\W-CORE-04,CheCha,active,high,2025-09-24
W-CORE-05,Майстерня Інструментів,Розробка інструментів,README.md;ARTIFACTS.md,D:\CHECHA_CORE\WORKSHOP\CATALOG\CORE\W-CORE-05,CheCha,active,high,2025-09-24
W-CORE-06,Майстерня Психологічного Арсеналу,Внутрішня стійкість,README.md;ARTIFACTS.md,D:\CHECHA_CORE\WORKSHOP\CATALOG\CORE\W-CORE-06,CheCha,active,high,2025-09-24
