﻿ISO_Year,ISO_Week,Channel,posts,budget,over,violation
2025,37,Facebook,1,6,-5,False
2025,37,GitBook,1,6,-5,False
2025,37,Telegram,1,6,-5,False
2025,38,GitBook,2,6,-4,False
2025,38,Instagram,1,6,-5,False
2025,38,Telegram,1,6,-5,False
2025,39,Facebook,1,6,-5,False
2025,39,GitBook,1,6,-5,False
2025,39,Instagram,1,6,-5,False
2025,39,Telegram,1,6,-5,False
2025,40,Facebook,1,6,-5,False
2025,40,GitBook,1,6,-5,False
2025,40,Instagram,1,6,-5,False
2025,41,Facebook,1,6,-5,False
2025,41,GitBook,1,6,-5,False
2025,41,Instagram,1,6,-5,False
2025,41,Telegram,1,6,-5,False
2025,42,Instagram,1,6,-5,False
2025,42,Telegram,1,6,-5,False
