{
  "InboxPath": "D:\\CHECHA_CORE\\INBOX",
  "SessionsPath": "D:\\CHECHA_CORE\\INBOX\\SESSIONS",
  "LogDir": "D:\\CHECHA_CORE\\C03_LOG\\INBOX",
  "ReportOut": "D:\\CHECHA_CORE\\C07_ANALYTICS\\INBOX_REPORT.md",
  "SearchRoots": [
    "D:\\CHECHA_CORE"
  ],
  "DispatchRules": [
    {
      "pattern": "*.ps1",
      "dest": "D:\\CHECHA_CORE\\C11_AUTOMATION"
    },
    {
      "pattern": "*.md",
      "dest": "D:\\CHECHA_CORE\\WORKSHOP"
    },
    {
      "pattern": "*.csv",
      "dest": "D:\\CHECHA_CORE\\C07_ANALYTICS"
    },
    {
      "pattern": "*.zip",
      "dest": "D:\\CHECHA_CORE\\C05_ARCHIVE"
    },
    {
      "pattern": "*",
      "dest": "D:\\CHECHA_CORE\\C05_ARCHIVE"
    }
  ],
  "DailyTime": "23:59",
  "TaskName": "CHECHA_CORE-INBOX-Daily"
}