﻿ID,Назва,Статус,Шлях,Вихідні
1,Майстерня Творця,S3,D:\CHECHA_CORE\WORKSHOP\CREATOR,README.md; PORTAL_RITUALS.md; COMMUNITY_HUB.md
2,Творча Майстерня,S2,D:\CHECHA_CORE\WORKSHOP\CREATIVE,README.md; ARTIFACTS.md
3,Майстерня Карти,S1,D:\CHECHA_CORE\WORKSHOP\MAPS,README.md; ARTIFACTS.md; MAPS_*.pdf/png
4,Майстерня Символів,S2,D:\CHECHA_CORE\WORKSHOP\SYMBOLS,README.md; ARTIFACTS.md; SYMBOLS_PACK.zip
5,Майстерня Інструментів,S1,D:\CHECHA_CORE\WORKSHOP\TOOLS,README.md; INSTRUCTIONS.md
6,Майстерня Психологічного Арсеналу,S0,D:\CHECHA_CORE\WORKSHOP\PSY_ARMORY,README.md; PRACTICES.md
