Файл,SHA256,MD5
DAO_GOGS_ALL_IN_ONE_KIT_2025.zip,77358d0aa635b12b30842d5ab7a7412f1a6b3c5a42d1b36f510c3b8d0b25b8f4,7dc72c079e4a324b594e7900c0331bf0
DAO_GOGS_PRESENTATION_KIT_2025.zip,23ec0e9ca3eaab18413488d7f9766b95dd182deb964aefe8ad5fb430a4caa8dc,2e310a1ecbfccf685aa8004e32ec0b83
DAO_GOGS_SOCIAL_MEDIA_KIT_2025.zip,fe799f7a53768da60282a62e3cd5ac6ef62aeebca1286ce1d4a8b8d1b15c7e67,59a53af54c1c2081a9c84db0b36fac0e
PNG/DAO_GOGS_MINI_PITCH.png,ef82420023220a3cabd204709a86efd75f9cf4f55890063dccb1177e50e9b9ea,4e7f02fcd9503927e521f2294ad5b223
README_ALL_IN_ONE_KIT.md,dcd199d15da236ff0e5a20ecf6fe59ce028b39f2f345bca4cd336e44aaf96ad6,2433cbf77b809110560e0ce9053a3f3a
DAO_GOGS_ALL_IN_ONE_CARD.png,6d6cc7b78f7ea7b1519991356908db2a49c58800c380a29f1ce1ec6ca1e22de8,17b80f708b2c60aa1e04f54042bb6ca5
DAO_GOGS_ALL_IN_ONE_CARD_MOBILE.png,f99d5a5ae8e0e373204f911aed28ced47b308f53334c7ba6e0fddb5bc49ab082,6c0d363283eda960bde24e7d62651ff3
DAO_GOGS_ALL_IN_ONE_SLIDESHOW.gif,86a85a09e3acf9a46e67e0f62b96a85b582c5771f2cac28c0e532b24be5dbb5a,94a6115182f68b4a583f31d45fa93d98
DAO_GOGS_ALL_IN_ONE_KIT_SHA256.txt,600a0662a5f0306ba8f129f605d625f41345a4a052954ec3ed14c1e5a9cd12a9,20921319aeab9917f198a430c0bbf669
DAO_GOGS_ALL_IN_ONE_KIT_MD5.txt,779a14eab49849b915c192862181ec1d9b6844a5e6c986c3b0a90809ae142b83,e8ffd30ae2b557b53c4ac475f8431e86
