{
  "$schema": "https://json-schema.org/draft/2020-12/schema",
  "title": "DAO Media Content Metadata",
  "type": "object",
  "properties": {
    "id": {
      "type": "string"
    },
    "module": {
      "type": "string",
      "enum": [
        "G15",
        "G19",
        "G20",
        "G26",
        "G31",
        "G35",
        "G36",
        "G37",
        "G38"
      ]
    },
    "type": {
      "type": "string"
    },
    "title": {
      "type": "string"
    },
    "status": {
      "type": "string",
      "enum": [
        "draft",
        "ready",
        "scheduled",
        "published",
        "archived"
      ]
    },
    "channels": {
      "type": "array",
      "items": {
        "type": "string"
      }
    },
    "schedule": {
      "type": "string",
      "description": "ISO 8601 datetime or cron-like note"
    },
    "kpi": {
      "type": "object",
      "properties": {
        "reach": {
          "type": "number"
        },
        "engagement": {
          "type": "number"
        },
        "conversion": {
          "type": "number"
        },
        "retention": {
          "type": "number"
        }
      }
    }
  },
  "required": [
    "id",
    "module",
    "type",
    "title",
    "status"
  ]
}