Дата,Блок,Завдання,Статус,Коментар
2025-09-11,Ядро,Актуалізувати DAO-INIT пакет,,
2025-09-11,Ядро,Перевірити CHECHA_LOGICAL,,
2025-09-11,Амбасадори,Визначити мінімум 2–3 лідерів,,
2025-09-11,Амбасадори,Тримати з ними зв’язок,,
2025-09-11,Студентська активація,Поширити мінімум 1 меседж,,
2025-09-11,Студентська активація,Оновити intake-таблицю,,
2025-09-11,Студентська активація,Підготувати/провести подію,,
2025-09-11,Команда та ролі,Scout: збір даних,,
2025-09-11,Команда та ролі,MiniAnalyst: обробка даних,,
2025-09-11,Команда та ролі,MediaHelper: комунікація,,
2025-09-11,Дані та сценарії,Оновити intake.ods,,
2025-09-11,Дані та сценарії,Позначити точки на карті,,
2025-09-11,Дані та сценарії,Використати chat_scenarios.ods,,
2025-09-11,Візуали та бренд,Підготувати/використати візуал,,
2025-09-11,Візуали та бренд,Перевірити узгодженість бренду,,
2025-09-11,Інтеграція,Інтеграція з ботом/Google Form,,
2025-09-11,Інтеграція,Зібрати фідбек,,
2025-09-11,Внутрішній стан,Рефлексія у LOG (2–3 рядки),,
2025-09-11,Внутрішній стан,Оцінити рівень енергії,,
