Секція,Питання,Тип,Обов’язково,Підказка/Опис,Опції (|),За замовчуванням
Секція,Питання,Тип,Обов’язково,Підказка/Опис,Опції (|),За замовчуванням
Вступ,Ім’я/нік (можна псевдо),Коротка відповідь,Так,,,
Вступ,Telegram @нік,Коротка відповідь,Так,Напр.: @nickname,,
Рівні,Рівень участі,Випадаючий список,Так,Обери темп,L0|L1|L2|L3|L4|L5,
Рівні,Рівень публічності,Випадаючий список,Так,Безпека,P1|P2|P3|P4,
Напрями,Напрям(и),Кілька відповідей,Так,1–2 варіанти,G43|G09|G28|G11,
Кампус,Назва ВНЗ/факультету,Коротка відповідь,Ні,,,
Час,Скільки часу/тиждень?,Кілька відповідей,Так,,10 хв|30 хв|1 год|2–3 год|3–5 год,
Старт,Перше мікрозавдання,Кілька відповідей,Так,З чого почнемо?,2 сигнали|3 репости|Фото без облич|Запросити друга,
Правила,Підтверджую правила безпеки та етики,Прапорець,Так,Без персональних даних/облич без дозволу; без чутливих деталей,,
