{
  "version": "1.5.0",
  "built_at": "2025-09-25 14:57:32",
  "author": "Сергій Чеча (С.Ч.)",
  "audience_kits": {
    "military": [
      "MilitaryKit/README.md",
      "MilitaryKit/OnePager_military_withQR.pdf",
      "MilitaryKit/COVER_withQR_military.png",
      "MilitaryKit/QR_military.png"
    ],
    "partners": [
      "PartnersKit/README.md",
      "PartnersKit/OnePager_partners_withQR.pdf",
      "PartnersKit/COVER_withQR_partners.png",
      "PartnersKit/QR_partners.png"
    ],
    "community": [
      "CommunityKit/README.md",
      "CommunityKit/OnePager_community_withQR.pdf",
      "CommunityKit/COVER_withQR_community.png",
      "CommunityKit/QR_community.png",
      "CommunityKit/QR_youth.png"
    ],
    "public": [
      "PublicKit/README.md",
      "PublicKit/OnePager_public_withQR.pdf",
      "PublicKit/COVER_withQR_public.png",
      "PublicKit/QR_public.png"
    ]
  },
  "hashes": {
    "CommunityKit_QR_youth.png": "777ac6be0dc4a81bb93b94980b1dec116bce65beed2c1c42ffabf8a262957bf8",
    "README.md": "d9e2432eaeeb3fece017721c46406c8eea325d0346fc336f1fa909b47847cece",
    "QR_military.png": "200580f7a5fc2010a5d6edbc21b65d7db7cbb8b8d632ca99247e6788878a4b64",
    "COVER_withQR_military.png": "8158c449b04c8df80686ed18ddb800f6a7c83d3f2d7817e6cba9f7f5f14920f0",
    "OnePager_military_withQR.pdf": "37cd6bc4fa1e864425d39565b2b227d9419219780ca2920894d2b65b94aaa49f",
    "QR_partners.png": "aa77a5aa323bee4d94b411c57004976328707c773c5cf6e1cc2519efcd81f71b",
    "COVER_withQR_partners.png": "2e5eec07ad3f5fd1bc7d3782228cbcd23aaf4acfc6c631a1939a4230fe4859d6",
    "OnePager_partners_withQR.pdf": "49edd7007f6d91f4464aed0c4b57742602714d7e63258bc8b1d0b962f1fe12d4",
    "QR_community.png": "8c9d2b572acfbfae183dea9bc59e2f7fd599df5ddd260ada8b802734dc4f3b35",
    "COVER_withQR_community.png": "51307f927572ad37f7dc186ac9207514ba5e3ef930b0137e0b1e4f8a90c7ae32",
    "OnePager_community_withQR.pdf": "37922f74e71b59f9e68a9b01f7ab595740b79a5c90ddef49d77158e66dfc4777",
    "QR_public.png": "6774b9e4c0de9f7afa4cb0599ddd7da1b755c00ab72c3209d2e2a172ef105653",
    "COVER_withQR_public.png": "3b974c82ac5d562007ebeb3953207f8388a96dfa0014a6fbe1954238adda1f7b",
    "OnePager_public_withQR.pdf": "d88850d22ace2d4fe7abcace2a5f7323ac4d390bd8543ee360b76ddf70182504",
    "QR_youth.png": "777ac6be0dc4a81bb93b94980b1dec116bce65beed2c1c42ffabf8a262957bf8",
    "Catalog_AudienceKits_v1.5.0_UA.pdf": "7e87620c8013cbd5d1e30544267e858d8a080ad3e2952dc39ae0058c617ad0b9",
    "Catalog_AudienceKits_v1.5.0_EN.pdf": "febc741c0e0f36e1aaaa41991171e00814833df2a519f09b3a06f9719e634935"
  }
}