ID,Назва,Значення,Колір,Жест,Енергія,Ключ
S1,СВІДОМІСТЬ,Світло істини та ясність мислення,Білий,Дотик до серця,Чистота наміру,Свідомість — моє світло
S2,ЄДНІСТЬ,Злиття волі багатьох у спільну дію,Золотий,З’єднання долонь,Резонанс дій,Я дію з користю
S3,ДІЯ,Творення через усвідомлену волю,Червоний,Рух уперед,Спрямованість,Сила творення
S4,ПАМ’ЯТЬ,Шанування предків і досвіду,Чорний,Нахил голови,Глибина роду,Пам’ятаю — живу
S5,ГАРМОНІЯ,Рівновага стихій і станів,Зелений,Розведення рук,Баланс,Усе єдине
S6,СИЛА,Вияв духу у дії,Синій,Підняття руки,Рішучість,Я несу світло в дію
S7,ПРИРОДА,Союз із життям і потоками Землі,Зелений,Дихання на вітер,Єдність,Я — частина світу
S8,ДУХ-ЄДНІСТЬ (Синтез),Гармонія семи сил — єдність Людини, Системи й Духу,Фіолетовий,Стояння в тиші,Присутність,Я є
