"Status","File","Expected","Actual"
"OK","Strategic_Achievements_Map_Extended.pdf","27FA57D555FCD5D6321A87C93496FBCA0E3E2AB26252B2AD4296E5CD9DCFE592","27FA57D555FCD5D6321A87C93496FBCA0E3E2AB26252B2AD4296E5CD9DCFE592"
"OK","Strategic_Achievements_Map_Extended.png","49E16399C93EDF93A81D645FA2061476F8BF0A841EB28C3A554BEC6A06B63CB6","49E16399C93EDF93A81D645FA2061476F8BF0A841EB28C3A554BEC6A06B63CB6"
"OK","Strategic_Achievements_Map_Highlighted.png","26B153196649A769D105089C241236CFE24DEA9D36B6A2B4B6FDA30EF3C3C663","26B153196649A769D105089C241236CFE24DEA9D36B6A2B4B6FDA30EF3C3C663"
"OK","Strategic_Achievements_Kit_2025-10-07.zip","44E7D5E3D50B83CD65E46406E19D7939351FC9857A46276798F15135502C963F","44E7D5E3D50B83CD65E46406E19D7939351FC9857A46276798F15135502C963F"
"OK","Strategic_Achievements_Map_Interactive.html","951279A2168309D9820FA7D7A7CEA785AAA307624B7BF83DDC6E61F615C28E49","951279A2168309D9820FA7D7A7CEA785AAA307624B7BF83DDC6E61F615C28E49"
"OK","Strategic_Achievements_Map.png","9AA6F68CD8A7D1810BF84ABB1FABC3E2CCC03D30D37698AC55A119DCA05F1620","9AA6F68CD8A7D1810BF84ABB1FABC3E2CCC03D30D37698AC55A119DCA05F1620"
"OK","README.md","6FBF2F309B92DE08DCB225CB44798A63FE9923D6155ABD16A21B52D28A4EAE90","6FBF2F309B92DE08DCB225CB44798A63FE9923D6155ABD16A21B52D28A4EAE90"
"OK","Strategic_Achievements_Map_Interactive.svg","B8438AEF53BA66A7BF33C814D795109A80AD06A68D22AE72BCDE6D9364E9A55C","B8438AEF53BA66A7BF33C814D795109A80AD06A68D22AE72BCDE6D9364E9A55C"
"OK","README.md","537D39779E539A74636C65CFCC061C09BDD2EF8E4FCD4D10605B0BCA881700F1","537D39779E539A74636C65CFCC061C09BDD2EF8E4FCD4D10605B0BCA881700F1"
"OK","Strategic_Achievements_Kit_2025-10-08.zip","6BEA318FC6F80E9F08AF45C482A26E042E11932496F3EBE39C1EFBB962616A4A","6BEA318FC6F80E9F08AF45C482A26E042E11932496F3EBE39C1EFBB962616A4A"
