﻿Date,Channel,Title,Slug,Body,Tags,cover,Cover,Type
2025-09-11,GitBook,Символ 01 — СВІДОМІСТЬ: ядро системи,sym-01-svidomist,"Пояснення символу СВІДОМІСТЬ: значення, роль, застосування у DAO-GOGS. Візуали у пакеті SYMBOLIC.","symbolic,dao-gogs,g35,identity",SYMBOLIC/SYMBOLS/S01/S01_colored_1024.png,SYMBOLIC/SYMBOLS/S01/S01_colored_1024.png,symbolic
2025-09-12,Telegram,"Меседж дня: Ми — творці, а не споживачі",message-today-creators-not-consumers,Короткий наратив (200 симв.) + посилання на повну історію у GitBook (NARRATIVE).,"narrative,quote,dao-media",,SYMBOLIC/SYMBOLS/S08/S08_colored_1024.png,message
2025-09-13,Facebook,DAO-Teaser #1 — Сигнал присутності,dao-teaser-01-signal,15–30с відео-тизер. Аудіо: signal_audio.wav. Сюжет: пробудження присутності та запрошення до дії.,"video,teaser,audio,dao-media",,SYMBOLIC/SYMBOLS/S07/S07_colored_1024.png,teaser
2025-09-15,GitBook,Історія: Чорний Козак і Біла Відьма — Пролог,story-black-cossack-white-witch-prologue,"Перший фрагмент міфу. Стиль: сучасна легенда опору. Включає короткий меседж, пост і розширений маніфест.","myth,narrative,ukrainian,story",,SYMBOLIC/SYMBOLS/S08/S08_colored_1024.png,narrative
2025-09-17,Instagram,Візуал дня — Символ 02: СИЛА КОЛА,visual-day-symbol-02-circle-power,Карточка з візуалом + коротке пояснення значення кола як спільноти та взаємної підтримки.,"symbolic,visual,community",SYMBOLIC/SYMBOLS/S02/S02_colored_1024.png,SYMBOLIC/SYMBOLS/S02/S02_colored_1024.png,symbolic
2025-09-18,GitBook,Символ 03 — Вогонь Дії,sym-03-fire-action,"Символізує активну дію, трансформацію і внутрішній вогонь, що веде DAO вперед.","symbolic,action,dao-gogs",,SYMBOLIC/SYMBOLS/S03/S03_colored_1024.png,symbolic
2025-09-20,Telegram,Меседж: Свідомість — наш щит,msg-consciousness-shield,Короткий меседж із символічним візуалом. Наголос на внутрішньому щиті проти хаосу.,"narrative,symbolic",,SYMBOLIC/SYMBOLS/S08/S08_colored_1024.png,message
2025-09-22,Facebook,DAO-Teaser #2 — Енергія Кола,dao-teaser-02-circle-energy,Відео про силу кола як джерела підтримки. Використати символ 02 (СИЛА КОЛА).,"video,teaser,community",,SYMBOLIC/SYMBOLS/S02/S02_colored_1024.png,teaser
2025-09-24,Instagram,Візуал дня — Символ 04: Потік,visual-symbol-04-flow,"Картинка з символом Потоку. Тема: ритм, гармонія, синхронізація.","visual,symbolic,flow",,SYMBOLIC/SYMBOLS/S04/S04_colored_1024.png,symbolic
2025-09-26,GitBook,Історія: Чорний Козак і Біла Відьма — Частина 1,story-black-cossack-pt1,Продовження легенди. Акцент на внутрішній боротьбі й пошуку істини.,"story,narrative,myth",,SYMBOLIC/SYMBOLS/S08/S08_colored_1024.png,narrative
2025-09-28,Telegram,Меседж: Ми тримаємо світло разом,msg-hold-light-together,Коротка цитата для надихання. Включає зображення символу СИЛА КОЛА.,"narrative,community",,SYMBOLIC/SYMBOLS/S08/S08_colored_1024.png,message
2025-09-30,Facebook,DAO-Teaser #3 — Голос Майбутнього,dao-teaser-03-voice-future,Аудіо+відео. Наголос на поколіннях і спадковості знань DAO.,"video,audio,future",,SYMBOLIC/SYMBOLS/S07/S07_colored_1024.png,teaser
2025-10-02,Instagram,Візуал дня — Символ 05: Єдність,visual-symbol-05-unity,"Зображення із символом ЄДНОСТІ. Повідомлення: разом ми більше, ніж сума частин.","visual,symbolic,unity",,SYMBOLIC/SYMBOLS/S08/S08_colored_1024.png,symbolic
2025-10-04,GitBook,Маніфест DAO-MEDIA,manifest-dao-media,Розширений маніфест про роль медіа-контурів у системі DAO-GOGS.,"manifest,dao-media,g35",,SYMBOLIC/SYMBOLS/S08/S08_colored_1024.png,post
2025-10-06,Telegram,Меседж: Віра у світле завтра,msg-faith-tomorrow,Серія меседжів із ключовими цінностями. Цього разу — віра та надія.,"narrative,hope",,SYMBOLIC/SYMBOLS/S08/S08_colored_1024.png,message
2025-10-08,Facebook,DAO-Teaser #4 — Сила Символу,dao-teaser-04-power-symbol,Візуально-аудіальний ролик із символом Вогню Дії. Показати силу у єдності.,"video,teaser,symbol",,SYMBOLIC/SYMBOLS/S07/S07_colored_1024.png,teaser
2025-10-10,Instagram,Візуал дня — Символ 06: Гармонія,visual-symbol-06-harmony,Візуал із символом Гармонії. Повідомлення: баланс між хаосом і порядком.,"visual,symbolic,harmony",,SYMBOLIC/SYMBOLS/S08/S08_colored_1024.png,symbolic
2025-10-12,GitBook,Історія: Чорний Козак і Біла Відьма — Частина 2,story-black-cossack-pt2,Розвиток конфлікту. Герої шукають шлях крізь тіні та світло.,"story,myth,narrative",,SYMBOLIC/SYMBOLS/S08/S08_colored_1024.png,narrative
2025-10-14,Telegram,Меседж: Світло не згасне,msg-light-wont-die,Коротка формула-надія. Використати символ Потоку як візуальну підкладку.,"narrative,hope,symbolic",,SYMBOLIC/SYMBOLS/S08/S08_colored_1024.png,message
2025-10-16,Instagram,Візуал дня — Символ 07: Відродження,visual-symbol-07-rebirth,"Символ Відродження. Ідея: новий цикл, нове життя, перемога після темряви.","visual,symbolic,rebirth",,SYMBOLIC/SYMBOLS/S08/S08_colored_1024.png,symbolic
