﻿NARRATIVE,SYMBOLIC
N01 — Чорний Козак і Біла Відьма,S01 — СВІДОМІСТЬ; S04 — РІКА ЧАСУ
N02 — Коло проти Хаосу,S02 — СИЛА КОЛА; S07 — ЩИТ ГАРМОНІЇ
N03 — Ріка Пам’яті,S04 — РІКА ЧАСУ; S05 — ДЕРЕВО РОДУ
N04 — Дерево Майбутнього,S05 — ДЕРЕВО РОДУ; S04 — РІКА ЧАСУ
N05 — Щит Гармонії,S07 — ЩИТ ГАРМОНІЇ; S08 — СИНТЕЗ (СЕРЦЕ DAO)
N06 — Вогонь Творення,S06 — ВОГОНЬ ТВОРЕННЯ; S03 — МЕЧ СВІТЛА
N07 — Серце DAO (Синтез),S08 — СИНТЕЗ (СЕРЦЕ DAO); інтеграція S01–S07
