{
  "archive": "/mnt/data/MEDIA_CATALOG/dist/MEDIA_CATALOG_release_20250910_152109.zip",
  "core_archive": "/mnt/data/MEDIA_CATALOG/dist/MEDIA_CATALOG_core_20250910_152109.zip",
  "assets": [
    "MEDIA_CATALOG_release_20250910_152109.zip",
    "analytics_heatmap_channel_type.png",
    "analytics_threshold_violations.csv",
    "analytics_daily_load_per_channel.png",
    "analytics_weekly_budget_report.csv",
    "analytics_weekly_budget_violations.csv",
    "SOCIAL_CAROUSEL_v1.0.zip"
  ],
  "files": [
    {
      "name": "MEDIA_CATALOG_release_20250910_152109.zip",
      "size_mb": 5.54
    },
    {
      "name": "MEDIA_CATALOG_core_20250910_152109.zip",
      "size_mb": 4.13
    },
    {
      "name": "analytics_heatmap_channel_type.png",
      "size_mb": 0.07
    },
    {
      "name": "analytics_threshold_violations.csv",
      "size_mb": 0.0
    },
    {
      "name": "analytics_daily_load_per_channel.png",
      "size_mb": 0.19
    },
    {
      "name": "analytics_weekly_budget_report.csv",
      "size_mb": 0.0
    },
    {
      "name": "analytics_weekly_budget_violations.csv",
      "size_mb": 0.0
    },
    {
      "name": "SOCIAL_CAROUSEL_v1.0.zip",
      "size_mb": 0.11
    }
  ]
}