{
  "version": "1.6.0",
  "built_at": "2025-09-25 15:23:35",
  "author": "Сергій Чеча (С.Ч.)",
  "release_notes": [
    "Додано YouthKit як 5-й комплект",
    "Інтерактивні QR з короткими UTM-посиланнями",
    "Тестові metrics у BuildInfo (scans_estimate per kit)",
    "Оновлені Covers у стилі StyleGuide v1.0 з підписом С.Ч.",
    "Додано C06_LINKS.md (CheCha-CORE інтеграція)"
  ],
  "metrics": {
    "scans_estimate": {
      "Military": 0,
      "Partners": 0,
      "Community": 0,
      "Public": 0,
      "Youth": 0
    }
  },
  "audience_kits": {
    "MilitaryKit": [
      "MilitaryKit/README.md",
      "MilitaryKit/OnePager_withQR.pdf",
      "MilitaryKit/OnePager_bw.pdf",
      "MilitaryKit/COVER_withQR.png",
      "MilitaryKit/QR.png"
    ],
    "PartnersKit": [
      "PartnersKit/README.md",
      "PartnersKit/OnePager_withQR.pdf",
      "PartnersKit/OnePager_bw.pdf",
      "PartnersKit/COVER_withQR.png",
      "PartnersKit/QR.png"
    ],
    "CommunityKit": [
      "CommunityKit/README.md",
      "CommunityKit/OnePager_withQR.pdf",
      "CommunityKit/OnePager_bw.pdf",
      "CommunityKit/COVER_withQR.png",
      "CommunityKit/QR.png"
    ],
    "PublicKit": [
      "PublicKit/README.md",
      "PublicKit/OnePager_withQR.pdf",
      "PublicKit/OnePager_bw.pdf",
      "PublicKit/COVER_withQR.png",
      "PublicKit/QR.png"
    ],
    "YouthKit": [
      "YouthKit/README.md",
      "YouthKit/OnePager_withQR.pdf",
      "YouthKit/OnePager_bw.pdf",
      "YouthKit/COVER_withQR.png",
      "YouthKit/QR.png"
    ]
  },
  "hashes": {
    "MilitaryKit/README.md": "4b054a681e8778971c18e805d5195508f210076fd00abb2ccabbaace9b04da88",
    "MilitaryKit/QR.png": "f7f2b5eeff7907a148173f0eecd84748a72d54a3db754d81f15a55aa55a17159",
    "MilitaryKit/COVER_withQR.png": "978a5274def02e45b4af935cb7ff7cfeeee093403359210922bdbff6d6fba287",
    "MilitaryKit/OnePager_withQR.pdf": "41a0514c1b54603c222e56b0ee75e233609f1b25825231a2537e6eb79eba2a49",
    "MilitaryKit/OnePager_bw.pdf": "b003ef034624ed8cbe241450b9426473d27eed696390d0b708235c1498304774",
    "PartnersKit/README.md": "950385e03717527428b2d15f83e27b9d01abf64f7f81c694b5f80a9d126cf522",
    "PartnersKit/QR.png": "1827981fc6f4c433f5ed233924e289d9392e765fdf53f51d67aac726510beaa7",
    "PartnersKit/COVER_withQR.png": "440d49703d21915eeec5bd2adfae1623fe6dbeed0dacffd1a3bcf40e23cdabcd",
    "PartnersKit/OnePager_withQR.pdf": "d4478566d5414636b005d4e67d84bda9d7d3fc328e77bca5a9f7b896be092be3",
    "PartnersKit/OnePager_bw.pdf": "965401fb094f644b043e2f9138315c4eba9e97a4fcaf93cb2035de5f383a69d7",
    "CommunityKit/README.md": "2be3226b45010d72067152f95054a030c4920394e1765499f6f12fdbfa4fa527",
    "CommunityKit/QR.png": "a3dce9c5170d9bb4854d4c7aeed65a88ac9e0ce5eb24aa09126c21257b7b104c",
    "CommunityKit/COVER_withQR.png": "6a38f39b985f936973c2cb5daab6776b7af8bcf9ec11d22b016287a20865624b",
    "CommunityKit/OnePager_withQR.pdf": "95d9e956a5c1cc5e3041b5626a1dadc4c5f79928df270398624e2927a38e3822",
    "CommunityKit/OnePager_bw.pdf": "31954d2601b31548b9cbe72fe046a5a23bd6b3e93e2ded5dd932c734f6dcb0ba",
    "PublicKit/README.md": "82a3cf17f7464a597ee1a006d211a10778bab5bb7deac94131b4a8ce46a21da0",
    "PublicKit/QR.png": "3a3f1e2332e6a91db31d1e06b7be2034a2d0c60203946e48edacae3204245db7",
    "PublicKit/COVER_withQR.png": "0fdd7d1b07a5cfebbf0c8ad1919eab126564374c8c424e45fbafa88a2c46793a",
    "PublicKit/OnePager_withQR.pdf": "c7ab8442c6c8faa491b49c8be08bdfdb5df731738dc5f625acdcba8213f5f35b",
    "PublicKit/OnePager_bw.pdf": "af136024afb8e045b07a5c12a8739363a33aa745a56564eebd10c787a92e56ff",
    "YouthKit/README.md": "9196f5653892760c98ddd0779adee05af8fe77cb1cd3e17f90cca055a7657718",
    "YouthKit/QR.png": "52aa452d9bc939b0aff9c4ce6dff2f90738a3f8592bcdd42a036bc56053c2e1d",
    "YouthKit/COVER_withQR.png": "ad893797409706246d3551a415feb77e86a95a47015127e0654302d1847b2353",
    "YouthKit/OnePager_withQR.pdf": "aa9061234b2467ec4cef64812e44a1293176ab309ee9116c535c6e8cf8464ff0",
    "YouthKit/OnePager_bw.pdf": "1ad1c7e624a7d73de1d0b43c22e5d435ea6abe723ee7102eb1d52d6735f4fe45",
    "C06_LINKS.md": "e1a5946e7f20c2dfef78f7220cce9cec7256146eaa596d4aca048f25eb492387",
    "Catalog_AudienceKits_v1.6.0_UA.pdf": "ecc34cacce1b0fbeb72cdf558fd3fd3a842a0bd2bb086bff6bc434898bab3d0f",
    "Catalog_AudienceKits_v1.6.0_EN.pdf": "230b504f9b9f575833b37d063d53e3c9f34b24869c71da242431f92ce97d954a"
  }
}